threshold,precision,recall,f1,n_predicted_hit
0.3,0.6586199043498064,0.9137440758293839,0.7654843832715723,4391
0.35,0.6664228237015362,0.8635071090047394,0.7522708505367465,4101
0.39999999999999997,0.6810694031866055,0.7968404423380727,0.7344205008736168,3703
0.44999999999999996,0.6926354230066951,0.7191153238546604,0.705627034568284,3286
0.49999999999999994,0.7106690777576854,0.6208530805687204,0.6627318718381113,2765
0.5499999999999999,0.730802415875755,0.5352290679304897,0.6179099033375889,2318
0.5999999999999999,0.7506631299734748,0.4470774091627172,0.5603960396039604,1885
0.6499999999999999,0.7736768802228412,0.35102685624012636,0.48293849163225383,1436
0.7,0.8004136504653567,0.24454976303317535,0.37463697967086157,967
